blt샌드위치,0
갈비구이,1
갈비찜,2
갈비탕,3
감,4
감자스프,5
감자칩,6
감자튀김,7
거봉포도,8
게맛살,9
게장,10
고등어구이,11
고로케,12
고르곤졸라피자,13
고추,14
고추장아찌,15
골드키위,16
곶감,17
과일채소샐러드,18
과일통조림,19
군고구마,20
군만두,21
군밤,22
귤,23
김구이,24
김밥,25
김치국,26
김치볶음밥,27
김치찌개,28
깐풍기,29
꼬막,30
낚지볶음,31
냉면,32
다크초콜릿,33
단호박,34
달걀,35
달걀말이,36
달걀볶음밥,37
달걀후라이,38
닭가슴살구이,39
닭가슴살샐러드,40
닭갈비,41
닭강정,42
닭찜,43
닭훈제구이,44
당근,45
당근주스,46
당근케이크,47
대추,48
도넛,49
